addr_state,loans,default_rate_pct,risk_rank
MS,6593,26.12,1
NE,3591,25.2,2
AR,10058,24.11,3
AL,16640,23.64,4
OK,12291,23.46,5
LA,15520,23.17,6
NY,110083,22.05,7
NV,20282,21.98,8
FL,95822,21.5,9
IN,21721,21.44,10
TN,20393,21.42,11
NM,7374,21.37,12
MD,31297,21.34,13
MO,21329,21.34,13
SD,2770,21.34,13
NJ,48577,21.12,16
KY,12868,21.01,17
PA,45642,20.82,18
NC,37813,20.79,19
OH,43937,20.52,20
ND,1601,20.49,21
MI,35302,20.31,22
HI,6764,20.22,23
VA,38107,19.95,24
TX,110312,19.84,25
MN,24003,19.76,26
DE,3804,19.72,27
AK,3194,19.66,28
AZ,32735,19.65,29
CA,196808,19.63,30
MA,31066,19.08,31
ID,1689,18.83,32
GA,43470,18.43,33
WI,17782,18.37,34
IL,51862,18.12,35
RI,5880,17.89,36
CT,19788,17.39,37
UT,10046,17.09,38
MT,3831,16.97,39
KS,11263,16.76,40
WY,2926,16.75,41
SC,16005,16.29,42
WA,29219,15.79,43
CO,29723,15.54,44
WV,4888,15.53,45
NH,6463,14.58,46
OR,16419,14.43,47
VT,2655,13.97,48
ME,2029,13.85,49
DC,3485,13.23,50
