income_band,fico_band,loans,default_rate_pct
1: <40k,1: <670,43939,28.76
1: <40k,2: 670-699,96026,25.49
1: <40k,3: 700-739,52343,19.72
1: <40k,4: 740+,18461,14.51
2: 40-70k,1: <670,100662,26.93
2: 40-70k,2: 670-699,234299,23.72
2: 40-70k,3: 700-739,140645,17.38
2: 40-70k,4: 740+,50357,10.28
3: 70-100k,1: <670,55980,25.26
3: 70-100k,2: 670-699,142235,21.35
3: 70-100k,3: 700-739,97484,15.21
3: 70-100k,4: 740+,37886,8.83
4: 100k+,1: <670,37933,23.35
4: 100k+,2: 670-699,111470,18.86
4: 100k+,3: 700-739,89419,12.85
4: 100k+,4: 740+,38595,7.32
